device,policy,freq_khz,static,active,idle0,idle1
Tensor G6,0,394000,0.23,20.19,2.33,0.00
Tensor G6,0,533000,0.36,26.62,2.46,0.00
Tensor G6,0,614000,1.03,29.38,2.38,0.00
Tensor G6,0,691000,0.97,31.56,2.7,0.00
Tensor G6,0,787000,1.33,35.77,2.66,0.00
Tensor G6,0,883000,1.4,38.93,2.79,0.00
Tensor G6,0,960000,1.36,43.64,2.92,0.00
Tensor G6,0,1036000,1.62,49.5,3.03,0.00
Tensor G6,0,1152000,1.98,50.15,2.95,0.00
Tensor G6,0,1248000,2.1,55.8,3.2,0.00
Tensor G6,0,1344000,2.08,60.31,3.65,0.00
Tensor G6,0,1440000,2.61,64.38,3.51,0.00
Tensor G6,0,1536000,3.09,71.62,3.66,0.00
Tensor G6,0,1632000,3.38,73.76,3.93,0.00
Tensor G6,0,1728000,3.72,83.43,4.08,0.00
Tensor G6,0,1824000,4.37,91.3,4.14,0.00
Tensor G6,0,1920000,4.13,97.12,4.51,0.00
Tensor G6,0,2073000,6,106.83,4.53,0.00
Tensor G6,0,2150000,5.93,114.07,4.92,0.00
Tensor G6,0,2227000,6.13,129.38,5.47,0.00
Tensor G6,0,2342000,6.42,140.32,6.28,0.00
Tensor G6,0,2496000,8.98,160.73,6.88,0.00
Tensor G6,0,2649000,9.71,186.1,8.51,0.00
Tensor G6,2,394000,3.6,44.50,2.97,0.00
Tensor G6,2,533000,3,50.52,3.57,0.0
Tensor G6,2,614000,3.33,55.59,3.7,0.00
Tensor G6,2,691000,3.87,57.93,3.85,0.00
Tensor G6,2,768000,2.74,65.50,4.20,0.00
Tensor G6,2,844000,1.61,72.00,4.40,0.00
Tensor G6,2,921000,4.44,78.00,4.55,0.00
Tensor G6,2,1036000,5,83.04,3.92,0.00
Tensor G6,2,1171000,5.22,101.96,4.61,0.00
Tensor G6,2,1305000,5.57,104.06,4.77,0.00
Tensor G6,2,1440000,6.24,109.85,5.07,0.00
Tensor G6,2,1574000,6.9,132,5.37,0.00
Tensor G6,2,1689000,7.87,145.47,5.4,0.00
Tensor G6,2,1804000,7.11,160.55,6.19,0.00
Tensor G6,2,1920000,9.88,176.89,5.61,0.00
Tensor G6,2,2035000,9.81,187.98,5.97,0.00
Tensor G6,2,2169000,11.5,201.71,6.54,0.00
Tensor G6,2,2304000,12.07,219.8,7.62,0.00
Tensor G6,2,2476000,15.06,290.32,8.34,0.00
Tensor G6,2,2649000,19.3,302.61,9.41,0.00
Tensor G6,2,2899000,22.23,400.29,10.99,0.00
Tensor G6,2,3148000,25.22,497.95,17.53,0.00
Tensor G6,2,3379000,36.75,599.38,26.39,0.00
Tensor G6,6,788000,0.00,224.67,38.22,0.00
Tensor G6,6,921000,0.00,286.72,40.43,0.00
Tensor G6,6,1056000,0.00,340.74,42.26,0.00
Tensor G6,6,1190000,0.00,394.75,43.82,0.00
Tensor G6,6,1305000,0.00,441.85,45.77,0.00
Tensor G6,6,1420000,0.00,488.95,47.15,0.00
Tensor G6,6,1555000,0.00,544.24,50.52,0.00
Tensor G6,6,1689000,0.00,623.94,52.94,0.00
Tensor G6,6,1843000,0.00,703.65,57.00,0.00
Tensor G6,6,1996000,0.00,706.12,59.56,0.00
Tensor G6,6,2150000,0.00,708.58,63.23,0.00
Tensor G6,6,2323000,0.00,923.93,68.98,0.00
Tensor G6,6,2496000,0.00,1134.83,72.56,0.00
Tensor G6,6,2649000,0.00,1316.40,83.26,0.00
Tensor G6,6,2803000,0.00,1499.15,86.51,0.00
Tensor G6,6,3033000,0.00,1772.10,91.49,0.00
Tensor G6,6,3340000,0.00,2147.35,96.99,0.00
Tensor G6,6,3571000,0.00,2429.71,97.50,0.00
Tensor G6,6,3782000,0.00,4985.61,98.20,0.00
Tensor G6,6,3898000,0.00,5565.42,99.31,0.00
Tensor G6,6,4013000,0.00,5677.65,101.13,0.00
Tensor G6,6,4109000,0.00,5905.11,101.02,0.00
Tensor G6,255,394000000,0.0,56.97,0.0,0.0
Tensor G6,255,533000000,0.0,60.31,0.0,0.0
Tensor G6,255,691000000,0.0,60.92,0.0,0.0
Tensor G6,255,768000000,0.0,65.87,0.0,0.0
Tensor G6,255,883000000,0.0,69.78,0.0,0.0
Tensor G6,255,960000000,0.0,73.26,0.0,0.0
Tensor G6,255,1036000000,0.0,77.38,0.0,0.0
Tensor G6,255,1113000000,0.0,78.83,0.0,0.0
Tensor G6,255,1190000000,0.0,86.69,0.0,0.0
Tensor G6,255,1305000000,0.0,90.65,0.0,0.0
Tensor G6,255,1382000000,0.0,94.52,0.0,0.0
Tensor G6,255,1459000000,0.0,98.66,0.0,0.0
Tensor G6,255,1536000000,0.0,103.76,0.0,0.0
Tensor G6,255,1612000000,0.0,112.86,0.0,0.0
Tensor G6,255,1728000000,0.0,126.21,0.0,0.0
Tensor G6,255,1843000000,0.0,137.24,0.0,0.0
Tensor G6,255,1920000000,0.0,141.83,0.0,0.0
